{"pathToFolder": "D:/Git/isb-4/files", "lastNum": "7819", "cardNum": "4584430245467819", "stats": {"1": 7.979820728302002, "2": 8.036633729934692, "3": 8.047422409057617, "4": 8.000281572341919, "5": 8.03432011604309, "6": 8.072871208190918, "7": 8.079700708389282, "8": 7.934721231460571, "9": 7.979268789291382, "10": 8.007248401641846, "11": 7.994267702102661, "12": 8.005720615386963}, "luhn": "Algorithm Luhn return - False", "defaultHash": "f56ab81d14e7c55304dff878c3f61f2d96c8ef1f56aff163320e67df", "bins": ["477932", "427714", "431417", "458450", "475791", "477714", "477964", "479087", "419540", "426101", "428905", "428906", "458411", "458443", "415482"]}