{"pathToFolder": "D:/Git/isb-4/files", "lastNum": "7819", "cardNum": "4584430245467819", "stats": {"1": 8.05872893333435, "2": 8.064874649047852, "3": 8.068345069885254, "4": 8.013844728469849, "5": 8.024768829345703, "6": 8.0254225730896, "7": 8.030318260192871, "8": 8.040319442749023, "9": 8.059391260147095, "10": 8.153448343276978, "11": 8.370872735977173, "12": 8.61535930633545}, "luhn": "Algorithm Luhn return - False", "defaultHash": "f56ab81d14e7c55304dff878c3f61f2d96c8ef1f56aff163320e67df", "bins": ["477932", "427714", "431417", "458450", "475791", "477714", "477964", "479087", "419540", "426101", "428905", "428906", "458411", "458443", "415482"]}