{"pathToFolder": "D:/Git/isb-4/files", "lastNum": "7819", "cardNum": "4584430245467819", "stats": {"1": 8.077000617980957, "2": 8.071854591369629, "3": 8.061330556869507, "4": 8.010291814804077, "5": 8.083506107330322, "6": 8.035218715667725, "7": 7.9427337646484375, "8": 8.029304027557373, "9": 7.984252691268921, "10": 7.985315799713135, "11": 7.932493209838867, "12": 8.070330381393433}, "luhn": "Algorithm Luhn return - False", "defaultHash": "f56ab81d14e7c55304dff878c3f61f2d96c8ef1f56aff163320e67df", "bins": ["477932", "427714", "431417", "458450", "475791", "477714", "477964", "479087", "419540", "426101", "428905", "428906", "458411", "458443", "415482"]}